BATCH_N,PPL
5000,341.330255
10000,328.326695
15000,314.966947
20000,209.55554
25000,178.754795
30000,155.713706
35000,141.905886
40000,130.533732
45000,121.300153
50000,114.778655
55000,109.187777
60000,104.256089
65000,100.058561
70000,97.160922
75000,94.015346
80000,91.765984
85000,89.269119
90000,87.399729
95000,85.799266
