BATCH_N,PPL
5000,342.283028
10000,329.94771
15000,321.047312
20000,233.854541
25000,184.341763
30000,159.777185
35000,144.701129
40000,131.643763
45000,120.482084
50000,114.088011
55000,108.805997
60000,105.261147
65000,100.284768
70000,97.538931
75000,94.393662
80000,91.969822
85000,89.424024
90000,87.862311
95000,86.137918
100000,84.156618
